Anna,Walker,12,1,Archery,Swimming,Hiking,Canoeing,Crafts
Ben,Carter,13,2,Canoeing,Archery,Swimming,Crafts,Hiking
Chloe,Bennett,11,3,Swimming,Hiking,Archery,Crafts,Canoeing
David,Turner,14,4,Hiking,Crafts,Canoeing,Swimming,Archery
Ella,Morgan,12,5,Crafts,Canoeing,Hiking,Archery,Swimming
Finn,Cooper,13,6,Archery,Canoeing,Crafts,Hiking,Swimming
Grace,Reed,11,7,Swimming,Crafts,Archery,Hiking,Canoeing
Henry,Scott,14,8,Hiking,Archery,Canoeing,Swimming,Crafts
Isla,Price,12,9,Canoeing,Swimming,Crafts,Archery,Hiking
Jack,Brooks,13,10,Crafts,Hiking,Swimming,Archery,Canoeing
Kylie,Howard,11,11,Archery,Hiking,Swimming,Canoeing,Crafts
Liam,Bailey,14,12,Swimming,Archery,Crafts,Hiking,Canoeing
Mia,Ross,12,13,Canoeing,Crafts,Hiking,Swimming,Archery
Noah,Hayes,13,14,Hiking,Swimming,Archery,Crafts,Canoeing
Olivia,Perry,11,15,Crafts,Archery,Hiking,Canoeing,Swimming
Parker,Long,14,16,Archery,Crafts,Swimming,Hiking,Canoeing
Quinn,Foster,12,1,Swimming,Hiking,Crafts,Archery,Canoeing
Riley,Jenkins,13,2,Canoeing,Archery,Hiking,Swimming,Crafts
Sophia,Bryant,11,3,Hiking,Crafts,Archery,Swimming,Canoeing
Tyler,Coleman,14,4,Crafts,Swimming,Canoeing,Hiking,Archery
Uma,Griffin,12,5,Archery,Swimming,Crafts,Hiking,Canoeing
Victor,Ramsey,13,6,Canoeing,Hiking,Swimming,Crafts,Archery
Wendy,Kimball,11,7,Swimming,Crafts,Hiking,Archery,Canoeing
Xavier,Dixon,14,8,Hiking,Archery,Crafts,Swimming,Canoeing
Yara,Fields,12,9,Crafts,Canoeing,Archery,Hiking,Swimming
Zach,Hunter,13,10,Archery,Hiking,Canoeing,Crafts,Swimming
Aiden,Matthews,11,11,Swimming,Canoeing,Hiking,Archery,Crafts
Bella,Sanders,14,12,Crafts,Archery,Swimming,Canoeing,Hiking
Caleb,Woods,12,13,Hiking,Swimming,Crafts,Canoeing,Archery
Daisy,Fleming,13,14,Canoeing,Crafts,Archery,Swimming,Hiking
Ethan,Porter,11,15,Archery,Crafts,Hiking,Swimming,Canoeing
Faith,Webb,14,16,Swimming,Hiking,Canoeing,Crafts,Archery
Gavin,Lawson,12,1,Crafts,Canoeing,Swimming,Archery,Hiking
Hailey,Dean,13,2,Hiking,Archery,Swimming,Crafts,Canoeing
Ian,Bishop,11,3,Canoeing,Swimming,Archery,Hiking,Crafts
Jade,Carson,14,4,Crafts,Hiking,Canoeing,Archery,Swimming
Kevin,Arnold,12,5,Archery,Swimming,Crafts,Canoeing,Hiking
Luna,Holland,13,6,Swimming,Crafts,Hiking,Canoeing,Archery
Mason,Ellis,11,7,Hiking,Canoeing,Archery,Swimming,Crafts
Nora,Walsh,14,8,Crafts,Swimming,Archery,Hiking,Canoeing
Owen,Franklin,12,9,Archery,Hiking,Crafts,Swimming,Canoeing
Paige,Daniels,13,10,Canoeing,Crafts,Swimming,Hiking,Archery
Reed,Chapman,11,11,Swimming,Archery,Hiking,Crafts,Canoeing
Sienna,Garrett,14,12,Hiking,Crafts,Canoeing,Archery,Swimming
Toby,Mills,12,13,Crafts,Archery,Hiking,Canoeing,Swimming
Ursula,Nash,13,14,Swimming,Hiking,Archery,Crafts,Canoeing
Violet,Owens,11,15,Canoeing,Crafts,Hiking,Swimming,Archery
Wyatt,Patton,14,16,Archery,Canoeing,Swimming,Hiking,Crafts
Xander,Quinn,12,1,Hiking,Swimming,Crafts,Archery,Canoeing
Yvonne,Rivers,13,2,Crafts,Hiking,Swimming,Canoeing,Archery
Zoe,Sharpe,11,3,Swimming,Archery,Crafts,Hiking,Canoeing